<?xml version="1.0"?>
<Runs Version="1" Minor="0">
	<Run Id="synth_2_carry_look_ahead" LaunchDir="C:/Users/mateusf1/Desktop/CompArch Labs/Lab5/Lab5.runs/synth_2_carry_look_ahead" FlowId="Vivado_Synthesis" FromStepId="vivado" ToStepId="vivado"/>
	<Run Id="impl_2_carry_look_ahead" LaunchDir="C:/Users/mateusf1/Desktop/CompArch Labs/Lab5/Lab5.runs/impl_2_carry_look_ahead" FlowId="Vivado_Implementation" FromStepId="init_design" ToStepId="route_design">
		<Parent Id="synth_2_carry_look_ahead"/>
	</Run>
	<Parameters>
		<Parameter Name="runs.monitorLSFJobs" Val="true" Type="bool"/>
		<Parameter Name="runs.enableClusterConf" Val="true" Type="bool"/>
	</Parameters>
</Runs>

